Workbook

Sheet Dashboard
B2: Sales Performance Dashboard
B3: Sample dataset - Data Analyst Internship Project
B5: Total Revenue | D5: Total Orders | F5: Units Sold | H5: Avg Order Value
B6: ='Pivot - Region'!B7 -> 988991.02 | D6: ='Pivot - Region'!D7 -> 253 | F6: ='Pivot - Region'!C7 -> 769 | H6: ='Pivot - Region'!E7 -> 3909.0554

Sheet Raw Data
A1: OrderID | B1: OrderDate | C1: Region | D1: Product | E1: Customer | F1: SalesRep | G1: Quantity | H1: UnitPrice
A2: 1352 | B2: 04/20/2025 | C2: WEST | D2: webcam hd | E2: Customer 14 | F2: Karthik | G2: 3 | H2: 1355.11
A3: 1130 | B3: 03/31/2025 | C3: East | D3: Mechanical Keyboard | E3: Customer 46 | F3: Priya | G3: -1 | H3: 1598.94
A4: 1356 | B4: 2025-05-22 | C4: north | D4: Laptop Stand | E4: Customer 42 | F4: Meena | G4: 5 | H4: 464.06
A5: 1103 | B5: 17/06/2025 | C5: east | D5: usb-c cable | E5: Customer 9 | F5: Suresh | G5: 2 | H5: 1499.54
A6: 1310 | B6: 01/21/2025 | C6: South | D6: USB-C Cable | E6: Customer 6 | F6: Meena | G6: 4
A7: 1015 | B7: 13/02/2025 | C7: South | D7: Mechanical Keyboard | E7: Customer 50 | F7: Priya | G7: 3 | H7: 1989.12
A8: 1392 | B8: 25/01/2025 | C8: west | D8: Mechanical Keyboard | E8: Customer 50 | F8: Priya | G8: 0 | H8: 522
A9: 1306 | B9: 13-02-2025 | C9: east | D9: webcam hd | E9: Customer 53 | F9: Divya | G9: 2 | H9: 1519.33
A10: 1016 | B10: 08/05/2025 | C10: WEST | D10: Desk Lamp | E10: Customer 20 | F10: Divya | G10: 2 | H10: 1078.84
A11: 1105 | B11: 2025-07-23 | C11: South | D11: Bluetooth Speaker | E11: Customer 1 | F11: Karthik | G11: -1 | H11: 296.3
A12: 1204 | B12: 2025-09-21 | D12: Bluetooth Speaker | E12: Customer 43 | F12: Arun | G12: five | H12: 496.75
A13: 1088 | B13: 2025-06-24 | C13: north | D13: Laptop Stand | E13: Customer 47 | F13: Karthik | G13: 0 | H13: 1648.57
A14: 1061 | B14: 04-06-2025 | C14: north | D14: Laptop stand | E14: Customer 35 | F14: Divya | G14: 2 | H14: 299.36
A15: 1228 | B15: 06/13/2025 | C15: South | D15: Laptop stand | E15: Customer 27 | F15: Arun | G15: 0 | H15: 2831.82
A16: 1237 | B16: 13/09/2025 | C16: South | D16: Webcam HD | E16: Customer 55 | F16: Arun | G16: -1 | H16: 282.84
A17: 1137 | B17: 04/02/2025 | C17: west | D17: webcam hd | E17: Customer 20 | F17: Karthik | G17: 0 | H17: 290.15
A18: 1114 | B18: 01/14/2025 | C18: north | D18: Laptop stand | E18: Customer 51 | F18: Priya | G18: 0 | H18: 721.62
A19: 1112 | B19: 2025-01-26 | C19: WEST | D19: USB-C Cable | E19: Customer 51 | F19: Suresh | G19: 4 | H19: 318.72
A20: 1301 | B20: 01/27/2025 | C20: WEST | D20: Mechanical Keyboard | E20: Customer 3 | F20: Divya | G20: 2 | H20: 1072.13
A21: 1348 | B21: 23-03-2025 | C21: north | D21: Desk Lamp | E21: Customer 33 | F21: Divya | G21: five | H21: 3209.71
A22: 1102 | B22: 12-03-2025 | C22: north | D22: Laptop Stand | E22: Customer 51 | F22: Divya | G22: 1 | H22: 1458.49
A23: 1296 | B23: 05/13/2025 | C23: South | D23: USB-C Cable | E23: Customer 48 | F23: Karthik | G23: 2 | H23: 3238.86
A24: 1194 | B24: 16/05/2025 | C24: WEST | D24: usb-c cable | E24: Customer 18 | F24: Suresh | G24: 5 | H24: 543.06
... A29: 1128 | B29: 2025-02-28 | C29: East | D29: wireless mouse | E29: Customer 19 | F29: Meena | G29: 0 | H29: 1004.38
A30: 1321 | B30: 2025-01-15 | C30: east | D30: Webcam HD | E30: Customer 13 | F30: Divya | G30: -1
A31: 1127 | B31: 26-01-2025 | C31: north | D31: bluetooth speaker | E31: Customer 43 | F31: Divya | H31: 1481.62
A32: 1326 | B32: 2025-07-13 | C32: north | D32: USB-C Cable | E32: Customer 12 | F32: Meena | G32: 1 | H32: 2178.39
A33: 1291 | B33: 07-02-2025 | C33: South | D33: Wireless Mouse | E33: Customer 17 | F33: Priya | G33: 1 | H33: 325.83
A34: 1209 | B34: 11/02/2025 | C34: South | D34: wireless mouse | E34: Customer 59 | F34: Suresh | G34: 2 | H34: 318.66
A35: 1073 | B35: 2025-03-18 | C35: South | D35: usb-c cable | E35: Customer 8 | F35: Suresh | G35: 3 | H35: 1527.82
A36: 1144 | B36: 07-03-2025 | C36: East | D36: Mechanical Keyboard | E36: Customer 24 | F36: Arun | G36: 2 | H36: 747.91
A37: 1193 | B37: 27/09/2025 | C37: South | D37: USB-C Cable | E37: Customer 30 | F37: Suresh | G37: 2 | H37: 1455.32
A38: 1211 | B38: 29/01/2025 | C38: east | D38: Mechanical Keyboard | E38: Customer 27 | F38: Divya | G38: 0 | H38: 302.52
A39: 1124 | B39: 2025-01-14 | C39: north | D39: USB-C Cable | E39: Customer 18 | F39: Meena | G39: 5 | H39: 775.19
A40: 1359 | B40: 2025-09-17 | C40: east | D40: webcam hd | E40: Customer 57 | F40: Suresh | G40: 3 | H40: 734.7
A41: 1056 | B41: 19/04/2025 | C41: South | D41: Laptop stand | E41: Customer 49 | F41: Divya | G41: 5 | H41: 3269.63
A42: 1067 | B42: 2025-05-05 | C42: South | D42: bluetooth speaker | E42: Customer 36 | F42: Suresh | G42: 2 | H42: 1098.23
A43: 1373 | B43: 23-02-2025 | C43: north | D43: wireless mouse | E43: Customer 51 | F43: Arun | H43: 509.88
A44: 1260 | B44: 2025-01-12 | C44: South | D44: webcam hd | E44: Customer 52 | F44: Priya | G44: 4 | H44: 1401.4
A45: 1342 | B45: 22/05/2025 | C45: north | D45: Desk Lamp | E45: Customer 40 | F45: Suresh | G45: -1 | H45: 2950.77
A46: 1393 | B46: 14/06/2025 | C46: East | D46: Webcam HD | E46: Customer 59 | F46: Meena | G46: 4 | H46: 782.68
A47: 1355 | B47: 22-02-2025 | C47: South | D47: Mechanical Keyboard | E47: Customer 42 | F47: Suresh | G47: 0 | H47: 766.8
A48: 1024 | B48: 30-01-2025 | C48: South | D48: Wireless Mouse | E48: Customer 4 | F48: Suresh | H48: 1624.73
A49: 1134 | B49: 28-03-2025 | C49: South | D49: Mechanical Keyboard | E49: Customer 33 | F49: Priya | G49: 2 | H49: 835.34
A50: 1040 | B50: 2025-04-08 | C50: north | D50: Desk Lamp | E50: Customer 28 | F50: Arun | G50: -1 | H50: 3022.06
A51: 1225 | B51: 22/04/2025 | C51: WEST | D51: Laptop stand | E51: Customer 20 | F51: Arun | G51: 4 | H51: 545.12
A52: 1027 | B52: 2025-05-03 | C52: East | D52: USB-C Cable | E52: Customer 43 | F52: Meena | G52: 5 | H52: 962.27
A53: 1031 | B53: 2025-04-15 | C53: west | D53: Laptop Stand | E53: Customer 58 | F53: Arun | G53: five | H53: 1968.45
A54: 1279 | B54: 08/03/2025 | C54: South | D54: webcam hd | E54: Customer 49 | F54: Arun | G54: five | H54: 306.55
A55: 1338 | B55: 18-05-2025 | C55: east | D55: Desk Lamp | E55: Customer 43 | F55: Arun | G55: 2 | H55: 1936.55
A56: 1290 | B56: 06/12/2025 | C56: East | D56: Webcam HD | E56: Customer 27 | F56: Karthik | G56: -1 | H56: 1868.17
A57: 1305 | B57: 01/31/2025 | C57: north | D57: wireless mouse | E57: Customer 3 | F57: Priya | G57: -1 | H57: 1039.13
A58: 1377 | B58: 2025-01-21 | C58: South | D58: webcam hd | E58: Customer 21 | F58: Divya | G58: five | H58: 320
A59: 1323 | B59: 15-06-2025 | C59: north | D59: USB-C Cable | E59: Customer 38 | F59: Meena | G59: 3 | H59: 2765.63
A60: 1243 | B60: 06/01/2025 | C60: South | D60: wireless mouse | E60: Customer 18 | F60: Priya | G60: 3 | H60: 2112.5
... A62: 1101 | B62: 2025-04-28 | C62: WEST | D62: webcam hd | E62: Customer 13 | F62: Suresh | G62: 5 | H62: 2101.18
A63: 1066 | B63: 28/07/2025 | C63: WEST | D63: Desk Lamp | E63: Customer 31 | F63: Meena | H63: 1057.53
A64: 1123 | B64: 2025-02-25 | C64: South | D64: wireless mouse | E64: Customer 49 | F64: Karthik | G64: 0 | H64: 529.66
A65: 1116 | B65: 2025-01-23 | C65: west | D65: webcam hd | E65: Customer 2 | F65: Arun | H65: 2939.99
A66: 1037 | B66: 2025-06-29 | C66: WEST | D66: usb-c cable | E66: Customer 2 | F66: Meena | G66: 4 | H66: 964.69
A67: 1372 | B67: 2025-01-05 | C67: East | D67: webcam hd | E67: Customer 7 | F67: Meena | G67: -1 | H67: 818.62
A68: 1332 | B68: 07/12/2025 | C68: South | D68: Mechanical Keyboard | E68: Customer 58 | F68: Arun | G68: 2 | H68: 1644.49
A69: 1397 | B69: 27/05/2025 | C69: north | D69: Mechanical Keyboard | E69: Customer 7 | F69: Arun | G69: 3 | H69: 454.4
A70: 1270 | B70: 23/08/2025 | C70: South | D70: Webcam HD | E70: Customer 8 | F70: Karthik | G70: -1 | H70: 3293.44
A71: 1230 | B71: 2025-06-22 | C71: west | D71: Desk Lamp | E71: Customer 42 | F71: Meena | H71: 932.71
A72: 1263 | B72: 2025-04-06 | C72: South | D72: usb-c cable | E72: Customer 30 | F72: Arun | G72: 5 | H72: 2143.98
A73: 1280 | B73: 22/03/2025 | C73: west | D73: Wireless Mouse | E73: Customer 28 | F73: Priya | G73: 3 | H73: 1919.79
A74: 1159 | B74: 26/08/2025 | C74: east | D74: USB-C Cable | E74: Customer 5 | F74: Meena
A75: 1081 | B75: 09-09-2025 | C75: west | D75: Laptop stand | E75: Customer 27 | F75: Karthik | G75: 2 | H75: 1840.92
A76: 1195 | B76: 17/04/2025 | C76: South | D76: bluetooth speaker | E76: Customer 23 | F76: Suresh | G76: 5 | H76: 738.58
A77: 1142 | B77: 2025-07-17 | C77: north | D77: Desk Lamp | E77: Customer 55 | F77: Meena | G77: 0 | H77: 2789.29
A78: 1294 | B78: 08/06/2025 | C78: WEST | D78: Wireless Mouse | E78: Customer 16 | F78: Arun | G78: 3 | H78: 296.21
A79: 1055 | B79: 14/01/2025 | C79: north | D79: wireless mouse | E79: Customer 42 | F79: Divya | G79: 3 | H79: 2976.03
A80: 1278 | B80: 02/02/2025 | D80: Bluetooth Speaker | E80: Customer 53 | F80: Priya | H80: 770.69
A81: 1281 | B81: 2025-02-17 | C81: north | D81: wireless mouse | E81: Customer 24 | F81: Meena | G81: 3 | H81: 292.8
A82: 1174 | B82: 04/04/2025 | C82: East | D82: Mechanical Keyboard | E82: Customer 59 | F82: Arun | G82: 2 | H82: 1394.97
A83: 1291 | B83: 07-02-2025 | C83: South | D83: Wireless Mouse | E83: Customer 17 | F83: Priya | G83: 1 | H83: 325.83
A84: 1250 | B84: 2025-03-11 | C84: South | D84: Webcam HD | E84: Customer 45 | F84: Priya | H84: 747.49
A85: 1383 | B85: 23-06-2025 | C85: East | D85: webcam hd | E85: Customer 47 | F85: Priya | H85: 825.16
A86: 1154 | B86: 05-08-2025 | C86: north | D86: usb-c cable | E86: Customer 20 | F86: Arun | G86: 1 | H86: 491
A87: 1155 | B87: 26/02/2025 | C87: north | D87: webcam hd | E87: Customer 33 | F87: Suresh | G87: 4 | H87: 1856.5
A88: 1153 | B88: 08/30/2025 | C88: west | D88: bluetooth speaker | E88: Customer 40 | F88: Arun | G88: 2 | H88: 284.4
A89: 1358 | B89: 01/19/2025 | C89: South | D89: Desk Lamp | E89: Customer 46 | F89: Priya | G89: -1 | H89: 2112.9
A90: 1161 | B90: 2025-01-25 | C90: north | D90: wireless mouse | E90: Customer 52 | F90: Karthik | G90: 3 | H90: 1047.61
A91: 1317 | B91: 09/27/2025 | C91: north | D91: Bluetooth Speaker | E91: Customer 51 | F91: Meena | G91: 2 | H91: 1007.89
A92: 1364 | B92: 10-06-2025 | C92: north | D92: bluetooth speaker | E92: Customer 18 | F92: Priya | G92: 3 | H92: 1578.29
A93: 1272 | B93: 14/02/2025 | C93: South | D93: usb-c cable | E93: Customer 14 | F93: Meena | G93: 0 | H93: 1939.28
A94: 1265 | B94: 02/13/2025 | C94: South | D94: wireless mouse | E94: Customer 16 | F94: Karthik | G94: 2 | H94: 486.36
A95: 1082 | B95: 2025-09-11 | C95: East | D95: Mechanical Keyboard | E95: Customer 3 | F95: Divya | G95: 2 | H95: 759.43
A96: 1053 | B96: 2025-06-30 | C96: East | D96: Bluetooth Speaker | E96: Customer 35 | F96: Meena | G96: -1 | H96: 3060.93
A97: 1084 | B97: 01/27/2025 | C97: north | D97: Mechanical Keyboard | E97: Customer 9 | F97: Karthik
A98: 1361 | B98: 31/05/2025 | C98: South | D98: bluetooth speaker | E98: Customer 4 | F98: Meena | G98: 0 | H98: 1632.2
A99: 1051 | B99: 03/12/2025 | C99: WEST | D99: Bluetooth Speaker | E99: Customer 45 | F99: Priya | G99: 4 | H99: 293.91
A100: 1098 | B100: 05/28/2025 | C100: South | D100: bluetooth speaker | E100: Customer 23 | F100: Suresh | G100: 5 | H100: 2183.72
A101: 1010 | B101: 2025-07-24 | C101: WEST | D101: USB-C Cable | E101: Customer 33 | F101: Divya | G101: 2 | H101: 2727.36
A102: 1357 | B102: 2025-07-26 | C102: east | D102: Desk Lamp | E102: Customer 2 | F102: Meena | H102: 760.56
A103: 1240 | B103: 2025-07-19 | C103: East | D103: Desk Lamp | E103: Customer 9 | F103: Meena | G103: 2 | H103: 1572.59
A104: 1074 | B104: 14/07/2025 | C104: west | D104: Laptop Stand | E104: Customer 56 | F104: Suresh | G104: 3 | H104: 809.97
A105: 1214 | B105: 2025-08-04 | C105: East | D105: bluetooth speaker | E105: Customer 56 | F105: Divya | G105: 3 | H105: 309.93
...

Sheet Cleaned Data
A1: OrderID | B1: OrderDate | C1: Region | D1: Product | E1: Customer | F1: SalesRep | G1: Quantity | H1: UnitPrice | I1: Revenue | J1: Month
A2: 1000 | B2: 2025-02-27 | C2: North | D2: Usb-C Cable | E2: Customer 15 | F2: Priya | G2: 2 | H2: 2095.22 | I2: 4190.44 | J2: 2025-02
A3: 1002 | B3: 2025-08-03 | C3: West | D3: Webcam Hd | E3: Customer 18 | F3: Arun | G3: 3 | H3: 1968.06 | I3: 5904.18 | J3: 2025-08
A4: 1005 | B4: 2025-04-27 | C4: South | D4: Usb-C Cable | E4: Customer 56 | F4: Arun | G4: 3 | H4: 791.55 | I4: 2374.65 | J4: 2025-04
A5: 1006 | B5: 2025-07-01 | C5: North | D5: Desk Lamp | E5: Customer 60 | F5: Meena | G5: 2 | H5: 1539.47 | I5: 3078.94 | J5: 2025-07
A6: 1007 | B6: 2025-08-25 | C6: North | D6: Webcam Hd | E6: Customer 45 | F6: Suresh | G6: 4 | H6: 1928.75 | I6: 7715 | J6: 2025-08
A7: 1010 | B7: 2025-07-24 | C7: West | D7: Usb-C Cable | E7: Customer 33 | F7: Divya | G7: 2 | H7: 2727.36 | I7: 5454.72 | J7: 2025-07
A8: 1011 | B8: 2025-05-08 | C8: East | D8: Bluetooth Speaker | E8: Customer 39 | F8: Divya | G8: 5 | H8: 874.28 | I8: 4371.4 | J8: 2025-05
A9: 1012 | B9: 2025-02-28 | C9: South | D9: Wireless Mouse | E9: Customer 19 | F9: Divya | G9: 3 | H9: 899.75 | I9: 2699.25 | J9: 2025-02
A10: 1014 | B10: 2025-01-01 | C10: West | D10: Wireless Mouse | E10: Customer 8 | F10: Karthik | G10: 5 | H10: 454.88 | I10: 2274.4 | J10: 2025-01
A11: 1015 | B11: 2025-02-13 | C11: South | D11: Mechanical Keyboard | E11: Customer 50 | F11: Priya | G11: 3 | H11: 1989.12 | I11: 5967.36 | J11: 2025-02
A12: 1016 | B12: 2025-08-05 | C12: West | D12: Desk Lamp | E12: Customer 20 | F12: Divya | G12: 2 | H12: 1078.84 | I12: 2157.68 | J12: 2025-08
A13: 1018 | B13: 2025-04-02 | C13: South | D13: Wireless Mouse | E13: Customer 33 | F13: Priya | G13: 5 | H13: 1993.17 | I13: 9965.85 | J13: 2025-04
... A254: 1399 | B254: 2025-02-22 | C254: East | D254: Usb-C Cable | E254: Customer 33 | F254: Meena | G254: 5 | H254: 2064.76 | I254: 10323.8 | J254: 2025-02

Sheet Pivot - Region
A1: Region | B1: Total Revenue | C1: Units Sold | D1: Orders | E1: Avg Order Value
A2: East | B2: =SUMIFS('Cleaned Data'!$I$2:$I$254,'Cleaned Data'!$C$2:$C$254,$A2) -> 200270.53 | C2: =SUMIFS('Cleaned Data'!$G$2:$G$254,'Cleaned Data'!$C$2:$C$254,$A2) -> 173 | D2: =COUNTIFS('Cleaned Data'!$C$2:$C$254,$A2) -> 63 | E2: =IFERROR(B2/D2,0) -> 3178.8973
A3: North | B3: =SUMIFS('Cleaned Data'!$I$2:$I$254,'Cleaned Data'!$C$2:$C$254,$A3) -> 254210.33 | C3: =SUMIFS('Cleaned Data'!$G$2:$G$254,'Cleaned Data'!$C$2:$C$254,$A3) -> 196 | D3: =COUNTIFS('Cleaned Data'!$C$2:$C$254,$A3) -> 66 | E3: =IFERROR(B3/D3,0) -> 3851.6717
A4: South | B4: =SUMIFS('Cleaned Data'!$I$2:$I$254,'Cleaned Data'!$C$2:$C$254,$A4) -> 231473.43 | C4: =SUMIFS('Cleaned Data'!$G$2:$G$254,'Cleaned Data'!$C$2:$C$254,$A4) -> 192 | D4: =COUNTIFS('Cleaned Data'!$C$2:$C$254,$A4) -> 62 | E4: =IFERROR(B4/D4,0) -> 3733.4424
A5: Unknown | B5: =SUMIFS('Cleaned Data'!$I$2:$I$254,'Cleaned Data'!$C$2:$C$254,$A5) -> 23417.65 | C5: =SUMIFS('Cleaned Data'!$G$2:$G$254,'Cleaned Data'!$C$2:$C$254,$A5) -> 17 | D5: =COUNTIFS('Cleaned Data'!$C$2:$C$254,$A5) -> 7 | E5: =IFERROR(B5/D5,0) -> 3345.3786
A6: West | B6: =SUMIFS('Cleaned Data'!$I$2:$I$254,'Cleaned Data'!$C$2:$C$254,$A6) -> 279619.08 | C6: =SUMIFS('Cleaned Data'!$G$2:$G$254,'Cleaned Data'!$C$2:$C$254,$A6) -> 191 | D6: =COUNTIFS('Cleaned Data'!$C$2:$C$254,$A6) -> 55 | E6: =IFERROR(B6/D6,0) -> 5083.9833
A7: Total | B7: =SUM(B2:B6) -> 988991.02 | C7: =SUM(C2:C6) -> 769 | D7: =SUM(D2:D6) -> 253 | E7: =IFERROR(B7/D7,0) -> 3909.0554

Sheet Pivot - Product
A1: Product | B1: Total Revenue | C1: Units Sold | D1: Orders | E1: Avg Order Value
A2: Bluetooth Speaker | B2: =SUMIFS('Cleaned Data'!$I$2:$I$254,'Cleaned Data'!$D$2:$D$254,$A2) -> 124047.63 | C2: =SUMIFS('Cleaned Data'!$G$2:$G$254,'Cleaned Data'!$D$2:$D$254,$A2) -> 107 | D2: =COUNTIFS('Cleaned Data'!$D$2:$D$254,$A2) -> 34 | E2: =IFERROR(B2/D2,0) -> 3648.4597
A3: Desk Lamp | B3: =SUMIFS('Cleaned Data'!$I$2:$I$254,'Cleaned Data'!$D$2:$D$254,$A3) -> 110522.55 | C3: =SUMIFS('Cleaned Data'!$G$2:$G$254,'Cleaned Data'!$D$2:$D$254,$A3) -> 75 | D3: =COUNTIFS('Cleaned Data'!$D$2:$D$254,$A3) -> 26 | E3: =IFERROR(B3/D3,0) -> 4250.8673
A4: Laptop Stand | B4: =SUMIFS('Cleaned Data'!$I$2:$I$254,'Cleaned Data'!$D$2:$D$254,$A4) -> 133954.72 | C4: =SUMIFS('Cleaned Data'!$G$2:$G$254,'Cleaned Data'!$D$2:$D$254,$A4) -> 114 | D4: =COUNTIFS('Cleaned Data'!$D$2:$D$254,$A4) -> 37 | E4: =IFERROR(B4/D4,0) -> 3620.3978
A5: Mechanical Keyboard | B5: =SUMIFS('Cleaned Data'!$I$2:$I$254,'Cleaned Data'!$D$2:$D$254,$A5) -> 92715.06 | C5: =SUMIFS('Cleaned Data'!$G$2:$G$254,'Cleaned Data'!$D$2:$D$254,$A5) -> 78 | D5: =COUNTIFS('Cleaned Data'!$D$2:$D$254,$A5) -> 27 | E5: =IFERROR(B5/D5,0) -> 3433.8911
A6: Usb-C Cable | B6: =SUMIFS('Cleaned Data'!$I$2:$I$254,'Cleaned Data'!$D$2:$D$254,$A6) -> 178455.94 | C6: =SUMIFS('Cleaned Data'!$G$2:$G$254,'Cleaned Data'!$D$2:$D$254,$A6) -> 124 | D6: =COUNTIFS('Cleaned Data'!$D$2:$D$254,$A6) -> 43 | E6: =IFERROR(B6/D6,0) -> 4150.1381
A7: Webcam Hd | B7: =SUMIFS('Cleaned Data'!$I$2:$I$254,'Cleaned Data'!$D$2:$D$254,$A7) -> 183762.44 | C7: =SUMIFS('Cleaned Data'!$G$2:$G$254,'Cleaned Data'!$D$2:$D$254,$A7) -> 157 | D7: =COUNTIFS('Cleaned Data'!$D$2:$D$254,$A7) -> 51 | E7: =IFERROR(B7/D7,0) -> 3603.1851
A8: Wireless Mouse | B8: =SUMIFS('Cleaned Data'!$I$2:$I$254,'Cleaned Data'!$D$2:$D$254,$A8) -> 165532.68 | C8: =SUMIFS('Cleaned Data'!$G$2:$G$254,'Cleaned Data'!$D$2:$D$254,$A8) -> 114 | D8: =COUNTIFS('Cleaned Data'!$D$2:$D$254,$A8) -> 35 | E8: =IFERROR(B8/D8,0) -> 4729.5051
A9: Total | B9: =SUM(B2:B8) -> 988991.02 | C9: =SUM(C2:C8) -> 769 | D9: =SUM(D2:D8) -> 253 | E9: =IFERROR(B9/D9,0) -> 3909.0554

Sheet Pivot - Month
A1: Month | B1: Total Revenue | C1: Units Sold | D1: Orders | E1: Avg Order Value
A2: 2025-01 | B2: =SUMIFS('Cleaned Data'!$I$2:$I$254,'Cleaned Data'!$J$2:$J$254,$A2) -> 126443.26 | C2: =SUMIFS('Cleaned Data'!$G$2:$G$254,'Cleaned Data'!$J$2:$J$254,$A2) -> 106 | D2: =COUNTIFS('Cleaned Data'!$J$2:$J$254,$A2) -> 32 | E2: =IFERROR(B2/D2,0) -> 3951.3519
A3: 2025-02 | B3: =SUMIFS('Cleaned Data'!$I$2:$I$254,'Cleaned Data'!$J$2:$J$254,$A3) -> 74468.48 | C3: =SUMIFS('Cleaned Data'!$G$2:$G$254,'Cleaned Data'!$J$2:$J$254,$A3) -> 68 | D3: =COUNTIFS('Cleaned Data'!$J$2:$J$254,$A3) -> 22 | E3: =IFERROR(B3/D3,0) -> 3384.9309
A4: 2025-03 | B4: =SUMIFS('Cleaned Data'!$I$2:$I$254,'Cleaned Data'!$J$2:$J$254,$A4) -> 117546.8 | C4: =SUMIFS('Cleaned Data'!$G$2:$G$254,'Cleaned Data'!$J$2:$J$254,$A4) -> 82 | D4: =COUNTIFS('Cleaned Data'!$J$2:$J$254,$A4) -> 25 | E4: =IFERROR(B4/D4,0) -> 4701.872
A5: 2025-04 | B5: =SUMIFS('Cleaned Data'!$I$2:$I$254,'Cleaned Data'!$J$2:$J$254,$A5) -> 159138.48 | C5: =SUMIFS('Cleaned Data'!$G$2:$G$254,'Cleaned Data'!$J$2:$J$254,$A5) -> 106 | D5: =COUNTIFS('Cleaned Data'!$J$2:$J$254,$A5) -> 32 | E5: =IFERROR(B5/D5,0) -> 4973.0775
A6: 2025-05 | B6: =SUMIFS('Cleaned Data'!$I$2:$I$254,'Cleaned Data'!$J$2:$J$254,$A6) -> 101656.82 | C6: =SUMIFS('Cleaned Data'!$G$2:$G$254,'Cleaned Data'!$J$2:$J$254,$A6) -> 84 | D6: =COUNTIFS('Cleaned Data'!$J$2:$J$254,$A6) -> 32 | E6: =IFERROR(B6/D6,0) -> 3176.7756
A7: 2025-06 | B7: =SUMIFS('Cleaned Data'!$I$2:$I$254,'Cleaned Data'!$J$2:$J$254,$A7) -> 76278.47 | C7: =SUMIFS('Cleaned Data'!$G$2:$G$254,'Cleaned Data'!$J$2:$J$254,$A7) -> 55 | D7: =COUNTIFS('Cleaned Data'!$J$2:$J$254,$A7) -> 17 | E7: =IFERROR(B7/D7,0) -> 4486.9688
A8: 2025-07 | B8: =SUMIFS('Cleaned Data'!$I$2:$I$254,'Cleaned Data'!$J$2:$J$254,$A8) -> 82422.4 | C8: =SUMIFS('Cleaned Data'!$G$2:$G$254,'Cleaned Data'!$J$2:$J$254,$A8) -> 55 | D8: =COUNTIFS('Cleaned Data'!$J$2:$J$254,$A8) -> 21 | E8: =IFERROR(B8/D8,0) -> 3924.8762
A9: 2025-08 | B9: =SUMIFS('Cleaned Data'!$I$2:$I$254,'Cleaned Data'!$J$2:$J$254,$A9) -> 121597.81 | C9: =SUMIFS('Cleaned Data'!$G$2:$G$254,'Cleaned Data'!$J$2:$J$254,$A9) -> 114 | D9: =COUNTIFS('Cleaned Data'!$J$2:$J$254,$A9) -> 36 | E9: =IFERROR(B9/D9,0) -> 3377.7169
A10: 2025-09 | B10: =SUMIFS('Cleaned Data'!$I$2:$I$254,'Cleaned Data'!$J$2:$J$254,$A10) -> 93588.45 | C10: =SUMIFS('Cleaned Data'!$G$2:$G$254,'Cleaned Data'!$J$2:$J$254,$A10) -> 76 | D10: =COUNTIFS('Cleaned Data'!$J$2:$J$254,$A10) -> 27 | E10: =IFERROR(B10/D10,0) -> 3466.2389
A11: 2025-10 | B11: =SUMIFS('Cleaned Data'!$I$2:$I$254,'Cleaned Data'!$J$2:$J$254,$A11) -> 13103.99 | C11: =SUMIFS('Cleaned Data'!$G$2:$G$254,'Cleaned Data'!$J$2:$J$254,$A11) -> 11 | D11: =COUNTIFS('Cleaned Data'!$J$2:$J$254,$A11) -> 3 | E11: =IFERROR(B11/D11,0) -> 4367.9967
A12: 2025-11 | B12: =SUMIFS('Cleaned Data'!$I$2:$I$254,'Cleaned Data'!$J$2:$J$254,$A12) -> 14119.83 | C12: =SUMIFS('Cleaned Data'!$G$2:$G$254,'Cleaned Data'!$J$2:$J$254,$A12) -> 7 | D12: =COUNTIFS('Cleaned Data'!$J$2:$J$254,$A12) -> 3 | E12: =IFERROR(B12/D12,0) -> 4706.61
A13: 2025-12 | B13: =SUMIFS('Cleaned Data'!$I$2:$I$254,'Cleaned Data'!$J$2:$J$254,$A13) -> 8626.23 | C13: =SUMIFS('Cleaned Data'!$G$2:$G$254,'Cleaned Data'!$J$2:$J$254,$A13) -> 5 | D13: =COUNTIFS('Cleaned Data'!$J$2:$J$254,$A13) -> 3 | E13: =IFERROR(B13/D13,0) -> 2875.41
A14: Total | B14: =SUM(B2:B13) -> 988991.02 | C14: =SUM(C2:C13) -> 769 | D14: =SUM(D2:D13) -> 253 | E14: =IFERROR(B14/D14,0) -> 3909.0554
